{"hidden_weights:": [[2.1057338647969064, 2.1057841445704484], [-0.7526688644985788, -0.6719675444168249], [-0.6006751729223163, 0.13578727250866043], [0.15541820643048151, -0.30864432127157665], [-2.576812598064535, -2.5768340723617245], [-0.08739545162343534, -0.33718661923829685]], "hidden_biases:": [-2.105838716403324, 2.182596948764893, -0.31881542263583046, -0.8350028563996719, 2.5766951763259147, 0.7167931165336285], "output_weights:": [[-3.529212334308206, 2.1616231286140324, 0.10080198917731309, 0.09327451112286847, -4.246166442509833, 0.6999499322005692]], "output_biases:": [0.958125992064204], "hidden_activation_name:": "leaky_relu", "output_activation_name:": "sigmoid"}