{"hidden_weights:": [[2.4280046128671047, 2.429835780420128], [-0.9582552541284626, -0.0781544538136647], [-0.6451210635427052, -0.019874227260197053], [0.3700281474162104, -0.9555167984692827], [-0.37932757596038863, -0.37475512144986595], [3.196319242053816, 3.1962490654196234]], "hidden_biases:": [3.0036982860938072e-05, -0.5715788287808039, -0.4237176232523967, -0.866428436629942, 1.2735530407969173, -3.1961340529903413], "output_weights:": [[3.26314291096238, 0.1, 0.1, 0.1, -1.3640344329775147, -5.44924048413864]], "output_biases:": [-2.2988944091670738], "hidden_activation_name:": "relu", "output_activation_name:": "sigmoid"}