{"hidden_weights:": [[2.5165446001468674, 2.786757721670848], [-0.7213906348821206, 1.1567758189591768], [-1.244389868679969, -1.6368785788007802], [-5.313409153521371, 4.333081450641792], [1.5904702019695247, -0.2661406463545503], [4.923316739454451, -5.694077411145196]], "hidden_biases:": [-0.36305394440444716, 1.2405035285591022, -0.3457046974668763, -2.2273651491316975, 0.10175604581812508, -2.6028698267184187], "output_weights:": [[1.8765348939110478, -1.4681474146362834, -1.5261981143918124, 7.166642409468664, -2.076680799123463, 7.567110612961076]], "output_biases:": [-2.4457924776531264], "hidden_activation_name:": "sigmoid", "output_activation_name:": "sigmoid"}