{"hidden_weights:": [[3.2285362420647563, 3.4163931944475205], [1.2379672476326502, 0.24490132542944812], [-2.309170334737747, -1.9363366937373112], [1.1052252088540113, -1.3668815745911034], [-0.7256988516113237, -0.5610798356461802], [0.245964613876343, -0.777882371432779]], "hidden_biases:": [-1.4673500786734692, -0.8081329892758164, 3.18309829714181, -1.0381282371973661, -0.7018496453453649, -0.9160346209417691], "output_weights:": [[5.2329740570744425, -1.5052233027010915, 4.1693417627001095, 1.891315283084281, 0.512346230629647, 1.354851516791886]], "output_biases:": [-1.7581145300558894], "hidden_activation_name:": "tanh", "output_activation_name:": "sigmoid"}